{
"lengthUnit": "mil",
"components": {
	"fields": ["COMPONENT_NO", "COMPONENT_NAME", "LAYER", "X_COORDINATE", "Y_COORDINATE", "ANGLE"],
	"rows": [
		[1, "1K", "T", 7124.68, -1679.75, 0],
		[2, "2K", "T", 6804.68, -1675.96, 0],
		[3, "220", "T", 7129.04, -1949.75, 0],
		[4, "220N1", "T", 6809.04, -1945.96, 0],
		[5, "BUZZER", "T", 6940, -1270, 0],
		[6, "MCU", "T", 7900, -1440, 90],
		[7, "NEO6MV2", "T", 8180, -3380, 0],
		[8, "RGB LED", "T", 6940, -3410, 0]
	]
},
"pins": {
	"fields": ["PIN_NO", "PIN_NAME", "PIN_X", "PIN_Y", "LAYER", "PIN_TYPE", "NET_NAME", "NET_TYPE", "PAD_SHAPE", "PAD_SIZEX", "PAD_SIZEY", "HOLE_SIZE", "PAD_ANGLE"],
	"rows": [
		[1, "1K_1", 7085.32, -1679.75, "T", "SMD", "$1N3216", "", "R", 44.59, 54.21, 0, 0],
		[2, "1K_2", 7164.06, -1679.75, "T", "SMD", "GPSRX", "", "R", 44.59, 54.21, 0, 0],
		[3, "2K_1", 6765.32, -1675.96, "T", "SMD", "GND", "GND", "R", 44.59, 54.21, 0, 0],
		[4, "2K_2", 6844.06, -1675.96, "T", "SMD", "$1N3216", "", "R", 44.59, 54.21, 0, 0],
		[5, "220_1", 7089.67, -1949.75, "T", "SMD", "LEDG", "", "R", 44.59, 54.21, 0, 0],
		[6, "220_2", 7168.41, -1949.75, "T", "SMD", "$1N3703", "", "R", 44.59, 54.21, 0, 0],
		[7, "220N1_1", 6769.67, -1945.96, "T", "SMD", "LEDR", "", "R", 44.59, 54.21, 0, 0],
		[8, "220N1_2", 6848.41, -1945.96, "T", "SMD", "$1N3742", "", "R", 44.59, 54.21, 0, 0],
		[9, "BUZZER_1", 6812.05, -1270, "T", "DIP", "BUZ+", "", "C", 70.87, 70.87, 39.37, 0],
		[10, "BUZZER_1", 6812.05, -1270, "B", "DIP", "BUZ+", "", "C", 70.87, 70.87, 39.37, 0],
		[11, "BUZZER_2", 7067.95, -1270, "T", "DIP", "GND", "GND", "C", 70.87, 70.87, 39.37, 0],
		[12, "BUZZER_2", 7067.95, -1270, "B", "DIP", "GND", "GND", "C", 70.87, 70.87, 39.37, 0],
		[13, "MCU_3V3", 8350, -1090, "T", "DIP", "MCU_3V3", "", "R", 129.6, 72, 40, 360],
		[14, "MCU_3V3", 8350, -1090, "B", "DIP", "MCU_3V3", "", "R", 129.6, 72, 40, 360],
		[15, "MCU_5V", 7450, -1090, "T", "DIP", "+5V", "", "R", 129.6, 72, 40, 180],
		[16, "MCU_5V", 7450, -1090, "B", "DIP", "+5V", "", "R", 129.6, 72, 40, 180],
		[17, "MCU_A0", 8350, -1690, "T", "DIP", "MCU_A0", "", "R", 129.6, 72, 40, 360],
		[18, "MCU_A0", 8350, -1690, "B", "DIP", "MCU_A0", "", "R", 129.6, 72, 40, 360],
		[19, "MCU_D0", 8350, -1590, "T", "DIP", "MCU_D0", "", "R", 129.6, 72, 40, 360],
		[20, "MCU_D0", 8350, -1590, "B", "DIP", "MCU_D0", "", "R", 129.6, 72, 40, 360],
		[21, "MCU_D1", 7450, -1590, "T", "DIP", "LEDR", "", "R", 129.6, 72, 40, 180],
		[22, "MCU_D1", 7450, -1590, "B", "DIP", "LEDR", "", "R", 129.6, 72, 40, 180],
		[23, "MCU_D2", 7450, -1490, "T", "DIP", "LEDG", "", "R", 129.6, 72, 40, 180],
		[24, "MCU_D2", 7450, -1490, "B", "DIP", "LEDG", "", "R", 129.6, 72, 40, 180],
		[25, "MCU_D3", 7450, -1390, "T", "DIP", "MCU_D3", "", "R", 129.6, 72, 40, 180],
		[26, "MCU_D3", 7450, -1390, "B", "DIP", "MCU_D3", "", "R", 129.6, 72, 40, 180],
		[27, "MCU_D4", 7450, -1290, "T", "DIP", "MCU_D4", "", "R", 129.6, 72, 40, 180],
		[28, "MCU_D4", 7450, -1290, "B", "DIP", "MCU_D4", "", "R", 129.6, 72, 40, 180],
		[29, "MCU_D5", 8350, -1490, "T", "DIP", "BUZ+", "", "R", 129.6, 72, 40, 360],
		[30, "MCU_D5", 8350, -1490, "B", "DIP", "BUZ+", "", "R", 129.6, 72, 40, 360],
		[31, "MCU_D6", 8350, -1390, "T", "DIP", "GPSRX", "", "R", 129.6, 72, 40, 360],
		[32, "MCU_D6", 8350, -1390, "B", "DIP", "GPSRX", "", "R", 129.6, 72, 40, 360],
		[33, "MCU_D7", 8350, -1290, "T", "DIP", "GPSTX", "", "R", 129.6, 72, 40, 360],
		[34, "MCU_D7", 8350, -1290, "B", "DIP", "GPSTX", "", "R", 129.6, 72, 40, 360],
		[35, "MCU_D8", 8350, -1190, "T", "DIP", "MCU_D8", "", "R", 129.6, 72, 40, 360],
		[36, "MCU_D8", 8350, -1190, "B", "DIP", "MCU_D8", "", "R", 129.6, 72, 40, 360],
		[37, "MCU_GND", 7450, -1190, "T", "DIP", "GND", "GND", "R", 129.6, 72, 40, 180],
		[38, "MCU_GND", 7450, -1190, "B", "DIP", "GND", "GND", "R", 129.6, 72, 40, 180],
		[39, "MCU_RST", 8350, -1790, "T", "DIP", "MCU_RST", "", "R", 129.6, 72, 40, 360],
		[40, "MCU_RST", 8350, -1790, "B", "DIP", "MCU_RST", "", "R", 129.6, 72, 40, 360],
		[41, "MCU_RX", 7450, -1690, "T", "DIP", "MCU_RX", "", "R", 129.6, 72, 40, 180],
		[42, "MCU_RX", 7450, -1690, "B", "DIP", "MCU_RX", "", "R", 129.6, 72, 40, 180],
		[43, "MCU_TX", 7450, -1790, "T", "DIP", "MCU_TX", "", "R", 129.6, 72, 40, 180],
		[44, "MCU_TX", 7450, -1790, "B", "DIP", "MCU_TX", "", "R", 129.6, 72, 40, 180],
		[45, "NEO6MV2_1", 8030, -3380, "T", "DIP", "GND", "GND", "R", 66.93, 66.93, 43.31, 0],
		[46, "NEO6MV2_1", 8030, -3380, "B", "DIP", "GND", "GND", "R", 66.93, 66.93, 43.31, 0],
		[47, "NEO6MV2_2", 8130, -3380, "T", "DIP", "GPSTX", "", "C", 66.93, 66.93, 43.31, 0],
		[48, "NEO6MV2_2", 8130, -3380, "B", "DIP", "GPSTX", "", "C", 66.93, 66.93, 43.31, 0],
		[49, "NEO6MV2_3", 8230, -3380, "T", "DIP", "$1N3216", "", "C", 66.93, 66.93, 43.31, 0],
		[50, "NEO6MV2_3", 8230, -3380, "B", "DIP", "$1N3216", "", "C", 66.93, 66.93, 43.31, 0],
		[51, "NEO6MV2_4", 8330, -3380, "T", "DIP", "+5V", "", "C", 66.93, 66.93, 43.31, 0],
		[52, "NEO6MV2_4", 8330, -3380, "B", "DIP", "+5V", "", "C", 66.93, 66.93, 43.31, 0],
		[53, "RGB LED_1", 6855, -3372, "T", "DIP", "$1N3742", "", "C", 66, 66, 31.4, 90],
		[54, "RGB LED_1", 6855, -3372, "B", "DIP", "$1N3742", "", "C", 66, 66, 31.4, 90],
		[55, "RGB LED_2", 6915, -3448, "T", "DIP", "+5V", "", "R", 66, 66, 31.4, 90],
		[56, "RGB LED_2", 6915, -3448, "B", "DIP", "+5V", "", "R", 66, 66, 31.4, 90],
		[57, "RGB LED_3", 6975, -3372, "T", "DIP", "$1N3703", "", "C", 66, 66, 31.4, 90],
		[58, "RGB LED_3", 6975, -3372, "B", "DIP", "$1N3703", "", "C", 66, 66, 31.4, 90],
		[59, "RGB LED_4", 7025, -3448, "T", "DIP", "RGB LED_4", "", "C", 66, 66, 31.4, 90],
		[60, "RGB LED_4", 7025, -3448, "B", "DIP", "RGB LED_4", "", "C", 66, 66, 31.4, 90]
	]
}
}