{
"lengthUnit": "mil",
"components": {
	"fields": ["COMPONENT_NO", "COMPONENT_NAME", "LAYER", "X_COORDINATE", "Y_COORDINATE", "ANGLE"],
	"rows": [
		[1, "C2", "T", 5006.71, -2095.59, 90],
		[2, "C3", "T", 5740, -1925, 180],
		[3, "GND", "T", 6490, -3095, 0],
		[4, "H2", "T", 5245, -1910, 180],
		[5, "R1", "T", 4560, -2890, 90],
		[6, "R2", "T", 5230, -2180, 0],
		[7, "R3", "T", 5745, -2185, 0],
		[8, "R4", "T", 5485.63, -2179.37, 0],
		[9, "R5", "T", 4897.61, -2759.48, 270],
		[10, "R6", "T", 5035, -2655, 90],
		[11, "R7", "T", 4752.61, -2660.32, 90],
		[12, "U4", "T", 4525, -1715, 270],
		[13, "U5", "T", 5170, -2420, 0],
		[14, "U6", "T", 4890, -3060, 0],
		[15, "USB1", "T", 4530, -680, 270]
	]
},
"pins": {
	"fields": ["PIN_NO", "PIN_NAME", "PIN_X", "PIN_Y", "LAYER", "PIN_TYPE", "NET_NAME", "NET_TYPE", "PAD_SHAPE", "PAD_SIZEX", "PAD_SIZEY", "HOLE_SIZE", "PAD_ANGLE"],
	"rows": [
		[1, "C2_1", 5006.71, -2134.96, "T", "SMD", "GND", "GND", "R", 55.51, 53.15, 0, 90],
		[2, "C2_2", 5006.71, -2056.22, "T", "SMD", "+5V", "", "R", 55.51, 53.15, 0, 90],
		[3, "C3_1", 5790, -1925, "T", "DIP", "+5V", "", "C", 62.99, 62.99, 39.37, 180],
		[4, "C3_1", 5790, -1925, "B", "DIP", "+5V", "", "C", 62.99, 62.99, 39.37, 180],
		[5, "C3_2", 5690, -1925, "T", "DIP", "GND", "GND", "C", 62.99, 62.99, 39.37, 180],
		[6, "C3_2", 5690, -1925, "B", "DIP", "GND", "GND", "C", 62.99, 62.99, 39.37, 180],
		[7, "GND_1", 6340, -3095, "T", "DIP", "GND", "GND", "R", 66.93, 66.93, 43.31, 0],
		[8, "GND_1", 6340, -3095, "B", "DIP", "GND", "GND", "R", 66.93, 66.93, 43.31, 0],
		[9, "GND_2", 6440, -3095, "T", "DIP", "$1N3143", "", "C", 66.93, 66.93, 43.31, 0],
		[10, "GND_2", 6440, -3095, "B", "DIP", "$1N3143", "", "C", 66.93, 66.93, 43.31, 0],
		[11, "GND_3", 6540, -3095, "T", "DIP", "$1N3216", "", "C", 66.93, 66.93, 43.31, 0],
		[12, "GND_3", 6540, -3095, "B", "DIP", "$1N3216", "", "C", 66.93, 66.93, 43.31, 0],
		[13, "GND_4", 6640, -3095, "T", "DIP", "+5V", "", "C", 66.93, 66.93, 43.31, 0],
		[14, "GND_4", 6640, -3095, "B", "DIP", "+5V", "", "C", 66.93, 66.93, 43.31, 0],
		[15, "H2_1", 5295, -1910, "T", "DIP", "$1N1898", "", "R", 66.93, 66.93, 39.37, 180],
		[16, "H2_1", 5295, -1910, "B", "DIP", "$1N1898", "", "R", 66.93, 66.93, 39.37, 180],
		[17, "H2_2", 5195, -1910, "T", "DIP", "$1N1892", "", "C", 66.93, 66.93, 39.37, 180],
		[18, "H2_2", 5195, -1910, "B", "DIP", "$1N1892", "", "C", 66.93, 66.93, 39.37, 180],
		[19, "R1_1", 4560, -3086.85, "T", "DIP", "GND", "GND", "C", 66.93, 66.93, 36, 90],
		[20, "R1_1", 4560, -3086.85, "B", "DIP", "GND", "GND", "C", 66.93, 66.93, 36, 90],
		[21, "R1_2", 4560, -2890, "T", "DIP", "$1N2003", "", "C", 66.93, 66.93, 36, 90],
		[22, "R1_2", 4560, -2890, "B", "DIP", "$1N2003", "", "C", 66.93, 66.93, 36, 90],
		[23, "R1_3", 4560, -2693.15, "T", "DIP", "+5V", "", "C", 66.93, 66.93, 36, 90],
		[24, "R1_3", 4560, -2693.15, "B", "DIP", "+5V", "", "C", 66.93, 66.93, 36, 90],
		[25, "R2_1", 5190.63, -2180, "T", "SMD", "$1N1992", "", "R", 44.59, 54.21, 0, 0],
		[26, "R2_2", 5269.37, -2180, "T", "SMD", "$1N1988", "", "R", 44.59, 54.21, 0, 0],
		[27, "R3_1", 5705.63, -2185, "T", "SMD", "$1N3216", "", "R", 44.59, 54.21, 0, 0],
		[28, "R3_2", 5784.37, -2185, "T", "SMD", "$1N3229", "", "R", 44.59, 54.21, 0, 0],
		[29, "R4_1", 5446.26, -2179.37, "T", "SMD", "GND", "GND", "R", 44.59, 54.21, 0, 0],
		[30, "R4_2", 5525, -2179.37, "T", "SMD", "$1N3216", "", "R", 44.59, 54.21, 0, 0],
		[31, "R5_1", 4897.61, -2720.11, "T", "SMD", "$1N3764", "", "R", 44.59, 54.21, 0, 270],
		[32, "R5_2", 4897.61, -2798.85, "T", "SMD", "$1N3664", "", "R", 44.59, 54.21, 0, 270],
		[33, "R6_1", 5035, -2694.37, "T", "SMD", "$1N3758", "", "R", 44.59, 54.21, 0, 90],
		[34, "R6_2", 5035, -2615.63, "T", "SMD", "$1N3703", "", "R", 44.59, 54.21, 0, 90],
		[35, "R7_1", 4752.61, -2699.69, "T", "SMD", "$1N3752", "", "R", 44.59, 54.21, 0, 90],
		[36, "R7_2", 4752.61, -2620.95, "T", "SMD", "$1N3742", "", "R", 44.59, 54.21, 0, 90],
		[37, "U4_1", 4367.52, -1065, "T", "DIP", "U4_1", "", "R", 59.05, 59.05, 35.43, 270],
		[38, "U4_1", 4367.52, -1065, "B", "DIP", "U4_1", "", "R", 59.05, 59.05, 35.43, 270],
		[39, "U4_2", 4367.52, -1165, "T", "DIP", "$1N3143", "", "C", 59.05, 59.05, 35.43, 270],
		[40, "U4_2", 4367.52, -1165, "B", "DIP", "$1N3143", "", "C", 59.05, 59.05, 35.43, 270],
		[41, "U4_3", 4367.52, -1265, "T", "DIP", "$1N3229", "", "C", 59.05, 59.05, 35.43, 270],
		[42, "U4_3", 4367.52, -1265, "B", "DIP", "$1N3229", "", "C", 59.05, 59.05, 35.43, 270],
		[43, "U4_4", 4367.52, -1365, "T", "DIP", "U4_4", "", "C", 59.05, 59.05, 35.43, 270],
		[44, "U4_4", 4367.52, -1365, "B", "DIP", "U4_4", "", "C", 59.05, 59.05, 35.43, 270],
		[45, "U4_5", 4367.52, -1465, "T", "DIP", "$1N1992", "", "C", 59.05, 59.05, 35.43, 270],
		[46, "U4_5", 4367.52, -1465, "B", "DIP", "$1N1992", "", "C", 59.05, 59.05, 35.43, 270],
		[47, "U4_6", 4367.52, -1565, "T", "DIP", "$1N1997", "", "C", 59.05, 59.05, 35.43, 270],
		[48, "U4_6", 4367.52, -1565, "B", "DIP", "$1N1997", "", "C", 59.05, 59.05, 35.43, 270],
		[49, "U4_7", 4367.52, -1665, "T", "DIP", "+5V", "", "C", 59.05, 59.05, 35.43, 270],
		[50, "U4_7", 4367.52, -1665, "B", "DIP", "+5V", "", "C", 59.05, 59.05, 35.43, 270],
		[51, "U4_8", 4367.52, -1765, "T", "DIP", "GND", "GND", "C", 59.05, 59.05, 35.43, 270],
		[52, "U4_8", 4367.52, -1765, "B", "DIP", "GND", "GND", "C", 59.05, 59.05, 35.43, 270],
		[53, "U4_9", 4367.52, -1865, "T", "DIP", "U4_9", "", "C", 59.05, 59.05, 35.43, 270],
		[54, "U4_9", 4367.52, -1865, "B", "DIP", "U4_9", "", "C", 59.05, 59.05, 35.43, 270],
		[55, "U4_10", 4367.52, -1965, "T", "DIP", "U4_10", "", "C", 59.05, 59.05, 35.43, 270],
		[56, "U4_10", 4367.52, -1965, "B", "DIP", "U4_10", "", "C", 59.05, 59.05, 35.43, 270],
		[57, "U4_11", 4367.52, -2065, "T", "DIP", "$1N3764", "", "C", 59.05, 59.05, 35.43, 270],
		[58, "U4_11", 4367.52, -2065, "B", "DIP", "$1N3764", "", "C", 59.05, 59.05, 35.43, 270],
		[59, "U4_12", 4367.52, -2165, "T", "DIP", "U4_12", "", "C", 59.05, 59.05, 35.43, 270],
		[60, "U4_12", 4367.52, -2165, "B", "DIP", "U4_12", "", "C", 59.05, 59.05, 35.43, 270],
		[61, "U4_13", 4367.52, -2265, "T", "DIP", "U4_13", "", "C", 59.05, 59.05, 35.43, 270],
		[62, "U4_13", 4367.52, -2265, "B", "DIP", "U4_13", "", "C", 59.05, 59.05, 35.43, 270],
		[63, "U4_14", 4367.52, -2365, "T", "DIP", "U4_14", "", "C", 59.05, 59.05, 35.43, 270],
		[64, "U4_14", 4367.52, -2365, "B", "DIP", "U4_14", "", "C", 59.05, 59.05, 35.43, 270],
		[65, "U4_15", 4682.48, -2365, "T", "DIP", "$1N3752", "", "C", 59.05, 59.05, 35.43, 270],
		[66, "U4_15", 4682.48, -2365, "B", "DIP", "$1N3752", "", "C", 59.05, 59.05, 35.43, 270],
		[67, "U4_16", 4682.48, -2265, "T", "DIP", "$1N3758", "", "C", 59.05, 59.05, 35.43, 270],
		[68, "U4_16", 4682.48, -2265, "B", "DIP", "$1N3758", "", "C", 59.05, 59.05, 35.43, 270],
		[69, "U4_17", 4682.48, -2165, "T", "DIP", "U4_17", "", "C", 59.05, 59.05, 35.43, 270],
		[70, "U4_17", 4682.48, -2165, "B", "DIP", "U4_17", "", "C", 59.05, 59.05, 35.43, 270],
		[71, "U4_18", 4682.48, -2065, "T", "DIP", "U4_18", "", "C", 59.05, 59.05, 35.43, 270],
		[72, "U4_18", 4682.48, -2065, "B", "DIP", "U4_18", "", "C", 59.05, 59.05, 35.43, 270],
		[73, "U4_19", 4682.48, -1965, "T", "DIP", "U4_19", "", "C", 59.05, 59.05, 35.43, 270],
		[74, "U4_19", 4682.48, -1965, "B", "DIP", "U4_19", "", "C", 59.05, 59.05, 35.43, 270],
		[75, "U4_20", 4682.48, -1865, "T", "DIP", "U4_20", "", "C", 59.05, 59.05, 35.43, 270],
		[76, "U4_20", 4682.48, -1865, "B", "DIP", "U4_20", "", "C", 59.05, 59.05, 35.43, 270],
		[77, "U4_21", 4682.48, -1765, "T", "DIP", "U4_21", "", "C", 59.05, 59.05, 35.43, 270],
		[78, "U4_21", 4682.48, -1765, "B", "DIP", "U4_21", "", "C", 59.05, 59.05, 35.43, 270],
		[79, "U4_22", 4682.48, -1665, "T", "DIP", "GND", "GND", "C", 59.05, 59.05, 35.43, 270],
		[80, "U4_22", 4682.48, -1665, "B", "DIP", "GND", "GND", "C", 59.05, 59.05, 35.43, 270],
		[81, "U4_23", 4682.48, -1565, "T", "DIP", "$1N2003", "", "C", 59.05, 59.05, 35.43, 270],
		[82, "U4_23", 4682.48, -1565, "B", "DIP", "$1N2003", "", "C", 59.05, 59.05, 35.43, 270],
		[83, "U4_24", 4682.48, -1465, "T", "DIP", "U4_24", "", "C", 59.05, 59.05, 35.43, 270],
		[84, "U4_24", 4682.48, -1465, "B", "DIP", "U4_24", "", "C", 59.05, 59.05, 35.43, 270],
		[85, "U4_25", 4682.48, -1365, "T", "DIP", "U4_25", "", "C", 59.05, 59.05, 35.43, 270],
		[86, "U4_25", 4682.48, -1365, "B", "DIP", "U4_25", "", "C", 59.05, 59.05, 35.43, 270],
		[87, "U4_26", 4682.48, -1265, "T", "DIP", "U4_26", "", "C", 59.05, 59.05, 35.43, 270],
		[88, "U4_26", 4682.48, -1265, "B", "DIP", "U4_26", "", "C", 59.05, 59.05, 35.43, 270],
		[89, "U4_27", 4682.48, -1165, "T", "DIP", "U4_27", "", "C", 59.05, 59.05, 35.43, 270],
		[90, "U4_27", 4682.48, -1165, "B", "DIP", "U4_27", "", "C", 59.05, 59.05, 35.43, 270],
		[91, "U4_28", 4682.48, -1065, "T", "DIP", "U4_28", "", "C", 59.05, 59.05, 35.43, 270],
		[92, "U4_28", 4682.48, -1065, "B", "DIP", "U4_28", "", "C", 59.05, 59.05, 35.43, 270],
		[93, "U5_1", 5170, -2420, "T", "DIP", "+5V", "", "R", 70, 70, 36, 270],
		[94, "U5_1", 5170, -2420, "B", "DIP", "+5V", "", "R", 70, 70, 36, 270],
		[95, "U5_2", 5170, -2520, "T", "DIP", "$1N1988", "", "C", 70, 70, 36, 270],
		[96, "U5_2", 5170, -2520, "B", "DIP", "$1N1988", "", "C", 70, 70, 36, 270],
		[97, "U5_3", 5170, -2620, "T", "DIP", "$1N1997", "", "C", 70, 70, 36, 270],
		[98, "U5_3", 5170, -2620, "B", "DIP", "$1N1997", "", "C", 70, 70, 36, 270],
		[99, "U5_4", 5170, -2720, "T", "DIP", "U5_4", "", "C", 70, 70, 36, 270],
		[100, "U5_4", 5170, -2720, "B", "DIP", "U5_4", "", "C", 70, 70, 36, 270],
		[101, "U5_5", 5170, -2820, "T", "DIP", "U5_5", "", "C", 70, 70, 36, 270],
		[102, "U5_5", 5170, -2820, "B", "DIP", "U5_5", "", "C", 70, 70, 36, 270],
		[103, "U5_6", 5170, -2920, "T", "DIP", "$1N1892", "", "C", 70, 70, 36, 270],
		[104, "U5_6", 5170, -2920, "B", "DIP", "$1N1892", "", "C", 70, 70, 36, 270],
		[105, "U5_7", 5170, -3020, "T", "DIP", "GND", "GND", "C", 70, 70, 36, 270],
		[106, "U5_7", 5170, -3020, "B", "DIP", "GND", "GND", "C", 70, 70, 36, 270],
		[107, "U5_8", 5170, -3120, "T", "DIP", "$1N1898", "", "C", 70, 70, 36, 270],
		[108, "U5_8", 5170, -3120, "B", "DIP", "$1N1898", "", "C", 70, 70, 36, 270],
		[109, "U5_9", 5870, -3120, "T", "DIP", "U5_9", "", "C", 70, 70, 36, 270],
		[110, "U5_9", 5870, -3120, "B", "DIP", "U5_9", "", "C", 70, 70, 36, 270],
		[111, "U5_10", 5870, -3020, "T", "DIP", "GND", "GND", "C", 70, 70, 36, 270],
		[112, "U5_10", 5870, -3020, "B", "DIP", "GND", "GND", "C", 70, 70, 36, 270],
		[113, "U5_11", 5870, -2920, "T", "DIP", "U5_11", "", "C", 70, 70, 36, 270],
		[114, "U5_11", 5870, -2920, "B", "DIP", "U5_11", "", "C", 70, 70, 36, 270],
		[115, "U5_12", 5870, -2820, "T", "DIP", "U5_12", "", "C", 70, 70, 36, 270],
		[116, "U5_12", 5870, -2820, "B", "DIP", "U5_12", "", "C", 70, 70, 36, 270],
		[117, "U5_13", 5870, -2720, "T", "DIP", "U5_13", "", "C", 70, 70, 36, 270],
		[118, "U5_13", 5870, -2720, "B", "DIP", "U5_13", "", "C", 70, 70, 36, 270],
		[119, "U5_14", 5870, -2620, "T", "DIP", "U5_14", "", "C", 70, 70, 36, 270],
		[120, "U5_14", 5870, -2620, "B", "DIP", "U5_14", "", "C", 70, 70, 36, 270],
		[121, "U5_15", 5870, -2520, "T", "DIP", "U5_15", "", "C", 70, 70, 36, 270],
		[122, "U5_15", 5870, -2520, "B", "DIP", "U5_15", "", "C", 70, 70, 36, 270],
		[123, "U5_16", 5870, -2420, "T", "DIP", "U5_16", "", "C", 70, 70, 36, 270],
		[124, "U5_16", 5870, -2420, "B", "DIP", "U5_16", "", "C", 70, 70, 36, 270],
		[125, "U6_1", 4805, -3022, "T", "DIP", "$1N3742", "", "C", 66, 66, 31.4, 90],
		[126, "U6_1", 4805, -3022, "B", "DIP", "$1N3742", "", "C", 66, 66, 31.4, 90],
		[127, "U6_2", 4865, -3098, "T", "DIP", "+5V", "", "R", 66, 66, 31.4, 90],
		[128, "U6_2", 4865, -3098, "B", "DIP", "+5V", "", "R", 66, 66, 31.4, 90],
		[129, "U6_3", 4925, -3022, "T", "DIP", "$1N3703", "", "C", 66, 66, 31.4, 90],
		[130, "U6_3", 4925, -3022, "B", "DIP", "$1N3703", "", "C", 66, 66, 31.4, 90],
		[131, "U6_4", 4975, -3098, "T", "DIP", "$1N3664", "", "C", 66, 66, 31.4, 90],
		[132, "U6_4", 4975, -3098, "B", "DIP", "$1N3664", "", "C", 66, 66, 31.4, 90],
		[133, "USB1_0", 4359.92, -751.85, "T", "DIP", "GND", "GND", "O", 43.31, 70.87, 55.16, 180],
		[134, "USB1_0", 4359.92, -751.85, "B", "DIP", "GND", "GND", "O", 43.31, 70.87, 55.16, 180],
		[135, "USB1_0", 4700.08, -751.85, "T", "DIP", "GND", "GND", "O", 43.31, 70.87, 55.16, 180],
		[136, "USB1_0", 4700.08, -751.85, "B", "DIP", "GND", "GND", "O", 43.31, 70.87, 55.16, 180],
		[137, "USB1_0", 4359.92, -602.25, "T", "DIP", "GND", "GND", "O", 43.31, 70.87, 55.16, 180],
		[138, "USB1_0", 4359.92, -602.25, "B", "DIP", "GND", "GND", "O", 43.31, 70.87, 55.16, 180],
		[139, "USB1_0", 4700.08, -602.25, "T", "DIP", "GND", "GND", "O", 43.31, 70.87, 55.16, 180],
		[140, "USB1_0", 4700.08, -602.25, "B", "DIP", "GND", "GND", "O", 43.31, 70.87, 55.16, 180],
		[141, "USB1_1", 4638.25, -768.23, "T", "SMD", "GND", "GND", "R", 31.5, 80, 0, 180],
		[142, "USB1_2", 4589.85, -768.23, "T", "SMD", "+5V", "", "R", 29.92, 80, 0, 180],
		[143, "USB1_3", 4549.7, -768.23, "T", "SMD", "USB1_3", "", "R", 27.56, 80, 0, 180],
		[144, "USB1_4", 4510.3, -768.23, "T", "SMD", "USB1_4", "", "R", 27.56, 80, 0, 180],
		[145, "USB1_5", 4470.15, -768.23, "T", "SMD", "+5V", "", "R", 29.92, 80, 0, 180],
		[146, "USB1_6", 4421.75, -768.23, "T", "SMD", "GND", "GND", "R", 31.5, 80, 0, 180]
	]
}
}