{
"lengthUnit": "mil",
"components": {
	"fields": ["COMPONENT_NO", "COMPONENT_NAME", "LAYER", "X_COORDINATE", "Y_COORDINATE", "ANGLE"],
	"rows": [
		[1, "BUZZER1", "T", 2430, -3360, 180],
		[2, "H1", "T", 3660, -5450, 0],
		[3, "R3", "T", 3990, -3260, 0],
		[4, "R4", "T", 2420, -3850, 0],
		[5, "R6", "T", 2880, -5290, 0],
		[6, "R7", "T", 2240, -5290, 0],
		[7, "U6", "T", 2520, -5440, 0],
		[8, "U8", "T", 3300, -3310, 90]
	]
},
"pins": {
	"fields": ["PIN_NO", "PIN_NAME", "PIN_X", "PIN_Y", "LAYER", "PIN_TYPE", "NET_NAME", "NET_TYPE", "PAD_SHAPE", "PAD_SIZEX", "PAD_SIZEY", "HOLE_SIZE", "PAD_ANGLE"],
	"rows": [
		[1, "BUZZER1_1", 2557.95, -3360, "T", "DIP", "BUZ+", "", "C", 70.87, 70.87, 39.37, 180],
		[2, "BUZZER1_1", 2557.95, -3360, "B", "DIP", "BUZ+", "", "C", 70.87, 70.87, 39.37, 180],
		[3, "BUZZER1_2", 2302.05, -3360, "T", "DIP", "GND", "GND", "C", 70.87, 70.87, 39.37, 180],
		[4, "BUZZER1_2", 2302.05, -3360, "B", "DIP", "GND", "GND", "C", 70.87, 70.87, 39.37, 180],
		[5, "H1_1", 3510, -5450, "T", "DIP", "GND", "GND", "R", 66.93, 66.93, 43.31, 0],
		[6, "H1_1", 3510, -5450, "B", "DIP", "GND", "GND", "R", 66.93, 66.93, 43.31, 0],
		[7, "H1_2", 3610, -5450, "T", "DIP", "GPSTX", "", "C", 66.93, 66.93, 43.31, 0],
		[8, "H1_2", 3610, -5450, "B", "DIP", "GPSTX", "", "C", 66.93, 66.93, 43.31, 0],
		[9, "H1_3", 3710, -5450, "T", "DIP", "$1N3216", "", "C", 66.93, 66.93, 43.31, 0],
		[10, "H1_3", 3710, -5450, "B", "DIP", "$1N3216", "", "C", 66.93, 66.93, 43.31, 0],
		[11, "H1_4", 3810, -5450, "T", "DIP", "+5V", "", "C", 66.93, 66.93, 43.31, 0],
		[12, "H1_4", 3810, -5450, "B", "DIP", "+5V", "", "C", 66.93, 66.93, 43.31, 0],
		[13, "R3_1", 3950.63, -3260, "T", "SMD", "$1N3216", "", "R", 44.59, 54.21, 0, 0],
		[14, "R3_2", 4029.37, -3260, "T", "SMD", "GPSRX", "", "R", 44.59, 54.21, 0, 0],
		[15, "R4_1", 2380.63, -3850, "T", "SMD", "GND", "GND", "R", 44.59, 54.21, 0, 0],
		[16, "R4_2", 2459.37, -3850, "T", "SMD", "$1N3216", "", "R", 44.59, 54.21, 0, 0],
		[17, "R6_1", 2840.63, -5290, "T", "SMD", "LEDG", "", "R", 44.59, 54.21, 0, 0],
		[18, "R6_2", 2919.37, -5290, "T", "SMD", "$1N3703", "", "R", 44.59, 54.21, 0, 0],
		[19, "R7_1", 2200.63, -5290, "T", "SMD", "LEDR", "", "R", 44.59, 54.21, 0, 0],
		[20, "R7_2", 2279.37, -5290, "T", "SMD", "$1N3742", "", "R", 44.59, 54.21, 0, 0],
		[21, "U6_1", 2435, -5402, "T", "DIP", "$1N3742", "", "C", 66, 66, 31.4, 90],
		[22, "U6_1", 2435, -5402, "B", "DIP", "$1N3742", "", "C", 66, 66, 31.4, 90],
		[23, "U6_2", 2495, -5478, "T", "DIP", "+5V", "", "R", 66, 66, 31.4, 90],
		[24, "U6_2", 2495, -5478, "B", "DIP", "+5V", "", "R", 66, 66, 31.4, 90],
		[25, "U6_3", 2555, -5402, "T", "DIP", "$1N3703", "", "C", 66, 66, 31.4, 90],
		[26, "U6_3", 2555, -5402, "B", "DIP", "$1N3703", "", "C", 66, 66, 31.4, 90],
		[27, "U6_4", 2605, -5478, "T", "DIP", "U6_4", "", "C", 66, 66, 31.4, 90],
		[28, "U6_4", 2605, -5478, "B", "DIP", "U6_4", "", "C", 66, 66, 31.4, 90],
		[29, "U8_3V3", 3750, -2960, "T", "DIP", "U8_3V3", "", "R", 129.6, 72, 40, 0],
		[30, "U8_3V3", 3750, -2960, "B", "DIP", "U8_3V3", "", "R", 129.6, 72, 40, 0],
		[31, "U8_5V", 2850, -2960, "T", "DIP", "+5V", "", "R", 129.6, 72, 40, 180],
		[32, "U8_5V", 2850, -2960, "B", "DIP", "+5V", "", "R", 129.6, 72, 40, 180],
		[33, "U8_A0", 3750, -3560, "T", "DIP", "U8_A0", "", "R", 129.6, 72, 40, 0],
		[34, "U8_A0", 3750, -3560, "B", "DIP", "U8_A0", "", "R", 129.6, 72, 40, 0],
		[35, "U8_D0", 3750, -3460, "T", "DIP", "U8_D0", "", "R", 129.6, 72, 40, 0],
		[36, "U8_D0", 3750, -3460, "B", "DIP", "U8_D0", "", "R", 129.6, 72, 40, 0],
		[37, "U8_D1", 2850, -3460, "T", "DIP", "LEDR", "", "R", 129.6, 72, 40, 180],
		[38, "U8_D1", 2850, -3460, "B", "DIP", "LEDR", "", "R", 129.6, 72, 40, 180],
		[39, "U8_D2", 2850, -3360, "T", "DIP", "LEDG", "", "R", 129.6, 72, 40, 180],
		[40, "U8_D2", 2850, -3360, "B", "DIP", "LEDG", "", "R", 129.6, 72, 40, 180],
		[41, "U8_D3", 2850, -3260, "T", "DIP", "U8_D3", "", "R", 129.6, 72, 40, 180],
		[42, "U8_D3", 2850, -3260, "B", "DIP", "U8_D3", "", "R", 129.6, 72, 40, 180],
		[43, "U8_D4", 2850, -3160, "T", "DIP", "U8_D4", "", "R", 129.6, 72, 40, 180],
		[44, "U8_D4", 2850, -3160, "B", "DIP", "U8_D4", "", "R", 129.6, 72, 40, 180],
		[45, "U8_D5", 3750, -3360, "T", "DIP", "BUZ+", "", "R", 129.6, 72, 40, 0],
		[46, "U8_D5", 3750, -3360, "B", "DIP", "BUZ+", "", "R", 129.6, 72, 40, 0],
		[47, "U8_D6", 3750, -3260, "T", "DIP", "GPSRX", "", "R", 129.6, 72, 40, 0],
		[48, "U8_D6", 3750, -3260, "B", "DIP", "GPSRX", "", "R", 129.6, 72, 40, 0],
		[49, "U8_D7", 3750, -3160, "T", "DIP", "GPSTX", "", "R", 129.6, 72, 40, 0],
		[50, "U8_D7", 3750, -3160, "B", "DIP", "GPSTX", "", "R", 129.6, 72, 40, 0],
		[51, "U8_D8", 3750, -3060, "T", "DIP", "U8_D8", "", "R", 129.6, 72, 40, 0],
		[52, "U8_D8", 3750, -3060, "B", "DIP", "U8_D8", "", "R", 129.6, 72, 40, 0],
		[53, "U8_GND", 2850, -3060, "T", "DIP", "GND", "GND", "R", 129.6, 72, 40, 180],
		[54, "U8_GND", 2850, -3060, "B", "DIP", "GND", "GND", "R", 129.6, 72, 40, 180],
		[55, "U8_RST", 3750, -3660, "T", "DIP", "U8_RST", "", "R", 129.6, 72, 40, 0],
		[56, "U8_RST", 3750, -3660, "B", "DIP", "U8_RST", "", "R", 129.6, 72, 40, 0],
		[57, "U8_RX", 2850, -3560, "T", "DIP", "U8_RX", "", "R", 129.6, 72, 40, 180],
		[58, "U8_RX", 2850, -3560, "B", "DIP", "U8_RX", "", "R", 129.6, 72, 40, 180],
		[59, "U8_TX", 2850, -3660, "T", "DIP", "U8_TX", "", "R", 129.6, 72, 40, 180],
		[60, "U8_TX", 2850, -3660, "B", "DIP", "U8_TX", "", "R", 129.6, 72, 40, 180]
	]
}
}